post_url,author_handle,post_text,reply_text,engagement_score
https://x.com/burgessdave/status/2031838781826089371,burgessdave,"“Embrace the synergy of a great team. Surround yourself with people who inspire and challenge you.” - 
@burgessdave
 in Teach Like a Pirate


https://
a.co/d/0fJROePF
#dbcincbooks #tlap #leadlap 
@dbc_inc","Love this, Dave",0
https://x.com/K12Prospects/status/2032505777345200472,K12Prospects,"Selling to schools? With our extensive database of 5M+ personnel and 130,000 school institutions, make informed decisions and boost your sales in the K-12 space. 
https://
bit.ly/47faAJq
#learning #edchat #edtechchat #elearning #earlyed #teacher #earlyed",This is interesting! As a,0
https://x.com/EdTechBridge/status/1171947784653672448,EdTechBridge,"Q5: What is something you wish to accomplish this year?  Is it mastering a new #edtech tool, specific PD, attending a certain conference? #edtechbridge","Okay, my",0
https://x.com/Curate_Educate/status/2033555567889748091,Curate_Educate,"Check out my April holidays & observances 
@wakelet
 collection: 
http://
tiny.cc/april-wakelet.

Feat. 
@epic4kids
 
@Larryferlazzo
 
@edutopia
  
@techlearning
 
@ClassTechTips
 
@ColorinColorado
 
@education_world
 
@RWTnow
 
@ReadingRockets
 
@TCEA


#EdChat #EdTech #EdTechChat #WakeletWave","Oh, this is awesome!",0
https://x.com/AiGrading/status/2026680168593727829,AiGrading,"ZOROARK 
#cardgrading #aigrading","Oh, card grading!",0
https://x.com/mytowntutors/status/2033125447391674416,mytowntutors,"Never talk to #pi. He’ll go on forever. 
https://
mytowntutors.com/march-jokes/ #mathchat #PiDay #pirates #PiDay2026","Haha, the never",0
https://x.com/EdTechBridge/status/1171950049540132865,EdTechBridge,"Outro:: Thanks for joining us tonight! Please re-introduce yourself with your name, role, location and share your biggest takeaway from tonight's chat. Also, if you connected with people tonight make sure to follow them and stay in touch! See you next month :) #edtechbridge",Hey everyone! I,0
https://x.com/someinfos/status/2032771218663673885,someinfos," 20 Pack Noise-Cancelling Headsets

 Deal Price: ₹19943/-
 MRP: ₹25925/-


https://
amazon.in/dp/B0F9YLL4NT?
tag=kingz0b4-21
…

#headsets #noisecancelling #classroomtech #officeheadset #nifty #India","Ooh,",0
https://x.com/chrp_india/status/2033775677728821757,chrp_india,"Celebrating 18 Years of CHRP-India! 

For the past 18 years, 
@chrp_india
  has been driving innovation.

What started as a vision has grown into a journey of technology, learning, and impactful digital experiences

#CHRPIndia #18Years #eLearning #XR #DigitalTransformation",Congrats on 1,0
https://x.com/jmattmiller/status/2024923061674278994,#ditchbook,"Want to get started with station rotation or level up your stations?

Lk no further! 

Our post includes
 Videos
 Examples
Ideas
 a FREE collection of station rotation task cards you can use with your class!


https://
ditchthattextbook.com/station-rotati
on/
… #Ditchbook","Oh, this is GOLD",0
https://x.com/alephlinks/status/2033802758415954427,alephlinks,"Join us today


https://
forms.gle/AW4kQ5q14G8Knp
498
…
#monawellnessafrica 
#preventivementalwellness
#education 
#leadership",Wellness for educators is SO important,0
https://x.com/DitchThatTxtbk/status/2031142999661392182,DitchThatTxtbk," Download our FREE exit ticket   builder for Google Slides and PowerPoint

You can quickly add any of the 20 pre-made exit ticket prompts to your slide deck -- then assign it tomorrow!


https://
ditchthattextbook.com/10-ideas-for-d
igital-exit-tickets-and-some-analog-ones-too
… #Ditchbook",Yes! Exit tickets are pure,0
https://x.com/jrsowash/status/2029889896681279804,jrsowash,"Which Chromebook is right for my classroom?

While there are a lot of different devices out there, there are only a few key factors you need to consider. 

#ChromebookEDU #Edchat #classroomtech 
https://
chrmbook.com/choosing-a-chr
omebook/?utm_source=Twitter&utm_medium=social&utm_campaign=jrsowash&utm_content=Chromebooks
…","Oh, this is such",0
https://x.com/burgessdave/status/2031841820607652135,burgessdave,"“You were never meant to do this alone.” - 
@KGameroz
 in #BecomingTheBison
You don’t have to teach and struggle alone. Join the herd! 


https://
a.co/d/01h10NnF
#dbcincbooks #tlap 
@dbc_inc",This is so spot on,0
https://x.com/W3growthagent/status/2030841006229455050,W3growthagent," Real behavior isn't black or white.
Same click → bot or genuine interest?
WGA avoids ""valid/invalid"" labels.
Instead: Fraud Score (0-100) + Trust Score (0-100) + Behavioral Profile
Nuance matters. 
#BehavioralNuance #AIGrading",This is SO true!,0
https://x.com/davidpetro314/status/2033214619473392070,davidpetro314,"[New Post] Ontario Math Links - My favourite #math related links from this week:


https://
ontariomath.blogspot.com/2026/03/math-l
inks-for-week-ending-mar-13-2026.html
…

Links and help from 
@howie_hua
 
@standupmaths
 
@miniapeur
 and more #MathChat #MTBoS #iTeachMath","Ooh, always here for",0
https://x.com/M4VlS/status/2033803622342169066,M4VlS,help i am. a biology major…. #stem …. but thank u oomf i actually do have a test in like two days but its fine thak u sm for the validation ,"You got this, future biologist",0
https://x.com/mmjustineAuthor/status/2033802010676662388,mmjustineAuthor,"https://
pic.x.com/44GvCbmFWH
Looking for a gift that inspires curiosity? This delightful wildlife book blends charm, humor, and real science—perfect for young explorers and the grown-ups who guide them.
#Learning #STEM #ChildrensBook #CoPromos 
@SnellingsLieve


https://
mybook.to/IBHgS","Oh, this sounds",0
https://x.com/ExcelAtUni/status/2033793210221253037,ExcelAtUni,"Maximise your university experience by going beyond grades!    

 Follow us for more tips and insights into student life and work readiness! 

#ProfessionalDevelopment #EdTech #eLearning",Love this! So,0
https://x.com/UncivilizedL/status/2033802943548559384,UncivilizedL,"In light of escalating regional tensions and recent Iran-linked security concerns, Mayoor School Abu Dhabi has reportedly shifted its academic operations to Prayagraj (Allahabad), India, as a precautionary measure.
Further details awaited.
 #AbuDhabi #Education #Prayagraj #Safety","Wow,",0
